Id,Name
0013h00000GZZUBAA5,GenePoint
0013h00000GZZUCAA5,"United Oil & Gas, UK"
0013h00000GZZUDAA5,"United Oil & Gas, Singapore"
0013h00000GZZUEAA5,Edge Communications
0013h00000GZZUFAA5,Burlington Textiles Corp of America
0013h00000GZZUGAA5,Pyramid Construction Inc.
0013h00000GZZUHAA5,Dickenson plc
0013h00000GZZUIAA5,Grand Hotels & Resorts Ltd
0013h00000GZZUJAA5,Express Logistics and Transport
0013h00000GZZUKAA5,University of Arizona
0013h00000GZZULAA5,United Oil & Gas Corp.
0013h00000GZZUMAA5,sForce
0013h00000GYq4HAAT,GenePoint
0013h00000GYq4IAAT,"United Oil & Gas, Singapore"
0013h00000GYq4JAAT,Edge Communications
0013h00000GYq4KAAT,Burlington Textiles Corp of America
0013h00000GYq4LAAT,Pyramid Construction Inc.
0013h00000GYq4MAAT,Dickenson plc
0013h00000GYq4NAAT,Grand Hotels & Resorts Ltd
0013h00000GYq4OAAT,Express Logistics and Transport
0013h00000GYq4PAAT,University of Arizona
0013h00000GYq4QAAT,United Oil & Gas Corp.
0013h00000GYq4RAAT,sForce
0013h00000GYq4SAAT,"United Oil & Gas, UK"
