Id,FirstName,LastName,AccountId,Email,Account.Name
0033h00000BRc9zAAD,Edna,Frank,0013h00000GZZUBAA5,efrank@genepoint.com,GenePoint
0033h00000BRcA0AAL,Jane,Grey,0013h00000GZZUKAA5,jane_gray@uoa.edu,University of Arizona
0033h00000BRcA1AAL,Stella,Pavlova,0013h00000GZZULAA5,spavlova@uog.com,United Oil & Gas Corp.
0033h00000BRcA2AAL,Lauren,Boyle,0013h00000GZZULAA5,lboyle@uog.com,United Oil & Gas Corp.
0033h00000BRcA3AAL,Arthur,Song,0013h00000GZZULAA5,asong@uog.com,United Oil & Gas Corp.
0033h00000BRcA4AAL,Avi,Green,0013h00000GZZULAA5,agreen@uog.com,United Oil & Gas Corp.
0033h00000BRcA5AAL,Siddartha,Nedaerk,0013h00000GZZUMAA5,,sForce
0033h00000BRcA6AAL,Jake,Llorrac,0013h00000GZZUMAA5,,sForce
0033h00000BRcA7AAL,Ashley,James,0013h00000GZZUCAA5,ajames@uog.com,"United Oil & Gas, UK"
0033h00000BRcA8AAL,Tom,Ripley,0013h00000GZZUDAA5,tripley@uog.com,"United Oil & Gas, Singapore"
0033h00000BRcA9AAL,Liz,D'Cruz,0013h00000GZZUDAA5,ldcruz@uog.com,"United Oil & Gas, Singapore"
0033h00000BRcAAAA1,Rose,Gonzalez,0013h00000GZZUEAA5,rose@edge.com,Edge Communications
0033h00000BRcABAA1,Sean,Forbes,0013h00000GZZUEAA5,sean@edge.com,Edge Communications
0033h00000BRcACAA1,Jack,Rogers,0013h00000GZZUFAA5,jrogers@burlington.com,Burlington Textiles Corp of America
0033h00000BRcADAA1,Pat,Stumuller,0013h00000GZZUGAA5,pat@pyramid.net,Pyramid Construction Inc.
0033h00000BRcAEAA1,Andy,Young,0013h00000GZZUHAA5,a_young@dickenson.com,Dickenson plc
0033h00000BRcAFAA1,Tim,Barr,0013h00000GZZUIAA5,barr_tim@grandhotels.com,Grand Hotels & Resorts Ltd
0033h00000BRcAGAA1,John,Bond,0013h00000GZZUIAA5,bond_john@grandhotels.com,Grand Hotels & Resorts Ltd
0033h00000BQqFKAA1,Edna,Frank,0013h00000GYq4HAAT,,GenePoint
0033h00000BQqFLAA1,Liz,D'Cruz,0013h00000GYq4IAAT,,"United Oil & Gas, Singapore"
0033h00000BQqFMAA1,Tom,Ripley,0013h00000GYq4IAAT,,"United Oil & Gas, Singapore"
0033h00000BQqFNAA1,Sean,Forbes,0013h00000GYq4JAAT,,Edge Communications
0033h00000BQqFOAA1,Rose,Gonzalez,0013h00000GYq4JAAT,,Edge Communications
0033h00000BQqFPAA1,Jack,Rogers,0013h00000GYq4KAAT,,Burlington Textiles Corp of America
0033h00000BQqFQAA1,Pat,Stumuller,0013h00000GYq4LAAT,,Pyramid Construction Inc.
0033h00000BQqFRAA1,Andy,Young,0013h00000GYq4MAAT,,Dickenson plc
0033h00000BQqFSAA1,John,Bond,0013h00000GYq4NAAT,,Grand Hotels & Resorts Ltd
0033h00000BQqFTAA1,Tim,Barr,0013h00000GYq4NAAT,,Grand Hotels & Resorts Ltd
0033h00000BQqFUAA1,Jane,Grey,0013h00000GYq4PAAT,,University of Arizona
0033h00000BQqFVAA1,Avi,Green,0013h00000GYq4QAAT,,United Oil & Gas Corp.
0033h00000BQqFWAA1,Arthur,Song,0013h00000GYq4QAAT,,United Oil & Gas Corp.
0033h00000BQqFXAA1,Lauren,Boyle,0013h00000GYq4QAAT,,United Oil & Gas Corp.
0033h00000BQqFYAA1,Stella,Pavlova,0013h00000GYq4QAAT,,United Oil & Gas Corp.
0033h00000BQqFZAA1,Jake,Llorrac,0013h00000GYq4RAAT,,sForce
0033h00000BQqFaAAL,Siddartha,Nedaerk,0013h00000GYq4RAAT,,sForce
0033h00000BQqFbAAL,Ashley,James,0013h00000GYq4SAAT,,"United Oil & Gas, UK"
